table,period,surface,surface_label,amazon_family,accounts,new_signup_accounts,reactivated_accounts,base_accounts,share_of_base_pct,share_of_cohort_pct,new_share_pct,reactivated_share_pct,pre_180d_accounts,pre_180d_share_of_cohort_pct,lift_pp,additivity,note,window,unit,cohort_accounts,panel
cohort,event,acquired_or_reactivated,Acquired or reactivated after first Gilmore Girls Prime Video play,video,22764,8878,13886,22764,100.0000,100.0000,100.0000,100.0000,,,,identity,Subscriber IQ lock. First Prime Video play after 180 days off was Gilmore Girls.,2026-07-01 to 2026-09-17,unique US accounts,22764,Crosswalk clickstream panel of 10M US consumers
cohort,event,new_signup,New Prime signup,account,8878,8878,0,22764,39.0002,39.0002,100.0000,0.0000,,,,partitions cohort with reactivated,No live Prime membership in the year before the first Gilmore Girls play.,2026-07-01 to 2026-09-17,unique US accounts,22764,Crosswalk clickstream panel of 10M US consumers
cohort,event,reactivated_dormant,Reactivated dormant Prime,account,13886,0,13886,22764,60.9998,60.9998,0.0000,100.0000,,,,partitions cohort with new_signup,Prime membership had lapsed. Restored in the attribution window around the play.,2026-07-01 to 2026-09-17,unique US accounts,22764,Crosswalk clickstream panel of 10M US consumers
cohort,event,completed_qualifying_watch,Completed a qualifying Gilmore Girls watch,video,18643,6667,11976,22764,81.8969,81.8969,75.0957,86.2451,,,,overlap. do not add,Reads as the shipped 81.9 completion rate.,2026-07-01 to 2026-09-17,unique US accounts,22764,Crosswalk clickstream panel of 10M US consumers
cohort,event,second_screen,Second screen during Gilmore Girls,video,8267,3486,4781,22764,36.3161,36.3161,39.2656,34.4304,,,,overlap. do not add,Reads as the shipped 36.3 second-screen rate.,2026-07-01 to 2026-09-17,unique US accounts,22764,Crosswalk clickstream panel of 10M US consumers
nest,trailing_year,us_gen_pop,US gen pop,tam,329900000,0,0,329900000,100.0000,1449218.0636,0.0000,0.0000,,,,TAM,Fixed US gen pop.,2025-09-17 to 2026-09-17,unique US accounts,22764,Crosswalk clickstream panel of 10M US consumers
nest,trailing_year,prime_video_t12,Prime Video in the trailing year,video,191678498,0,0,329900000,58.1020,842024.6793,0.0000,0.0000,,,,entered,Matches the Gen Pop Amazon Prime Video row at 58.1020.,2025-09-17 to 2026-09-17,unique US accounts,22764,Crosswalk clickstream panel of 10M US consumers
nest,title_window,lapsed_or_new_gg_parent,Lapsed or new. First Prime Video play after the gap was Gilmore Girls,video,1418647,0,0,191678498,0.7401,6231.9759,0.0000,0.0000,,,,parent. do not add to this file,Parent from the lapsed-or-new flywheel. This file is the subscription-event cut.,2026-07-01 to 2026-09-17,unique US accounts,22764,Crosswalk clickstream panel of 10M US consumers
nest,title_window,acquired_or_reactivated,Acquired or reactivated,video,22764,8878,13886,1418647,1.6046,100.0000,100.0000,100.0000,,,,nested under parent,1.6046% of the lapsed-or-new parent. The rest already had a live Prime membership.,2026-07-01 to 2026-09-17,unique US accounts,22764,Crosswalk clickstream panel of 10M US consumers
nest,post_30d,second_amazon_owned,Second Amazon-owned surface inside 30 days,union,21661,8413,13248,22764,95.1546,95.1546,94.7623,95.4054,,,,nested,"Any Amazon-owned session after the first Gilmore Girls play, inside 30 days.",30 days after first Gilmore Girls Prime Video play,unique US accounts,22764,Crosswalk clickstream panel of 10M US consumers
nest,post_30d,amazon_owned_checkout,Amazon-owned checkout inside 30 days,union,10828,4641,6187,21661,49.9885,47.5663,52.2753,44.5557,,,,conversion,"Retail order, Kindle, Audible, Fresh or Whole Foods digital, or Pharmacy.",30 days after first Gilmore Girls Prime Video play,unique US accounts,22764,Crosswalk clickstream panel of 10M US consumers
pre_180d_overlap,pre_180d,amazon_retail_session,amazon.com or the Amazon app,retail,18827,6641,12186,22764,82.7051,82.7051,74.8029,87.7575,,,,overlap. do not add,They already lived in the store. New accounts were paying for shipping. Reactivated accounts kept shopping after the membership lapsed.,180 days before first Gilmore Girls Prime Video play,unique US accounts,22764,Crosswalk clickstream panel of 10M US consumers
pre_180d_overlap,pre_180d,amazon_retail_order,amazon.com completed retail order,retail,11054,3641,7413,22764,48.5591,48.5591,41.0115,53.3847,,,,overlap. do not add,A completed order in the 180 days before the first Gilmore Girls play. The shipping charge is the pain the membership later removes.,180 days before first Gilmore Girls Prime Video play,unique US accounts,22764,Crosswalk clickstream panel of 10M US consumers
pre_180d_overlap,pre_180d,amazon_music,Amazon Music,audio,3101,687,2414,22764,13.6224,13.6224,7.7382,17.3844,,,,overlap. do not add,Prime Music is locked without a live membership. Residual sessions sit on the reactivated side.,180 days before first Gilmore Girls Prime Video play,unique US accounts,22764,Crosswalk clickstream panel of 10M US consumers
pre_180d_overlap,pre_180d,audible,Audible,audio,1661,413,1248,22764,7.2966,7.2966,4.6519,8.9875,,,,overlap. do not add,Standalone Audible can outlive a lapsed Prime. New stays thin.,180 days before first Gilmore Girls Prime Video play,unique US accounts,22764,Crosswalk clickstream panel of 10M US consumers
pre_180d_overlap,pre_180d,kindle_or_books,Kindle or Amazon Books,reading,4427,1186,3241,22764,19.4474,19.4474,13.3589,23.3401,,,,overlap. do not add,Kindle libraries persist after a lapse. The title audience already reads.,180 days before first Gilmore Girls Prime Video play,unique US accounts,22764,Crosswalk clickstream panel of 10M US consumers
pre_180d_overlap,pre_180d,goodreads,Goodreads,reading,3599,1413,2186,22764,15.8101,15.8101,15.9157,15.7425,,,,overlap. do not add,Bookish on both sides. Not a Prime perk.,180 days before first Gilmore Girls Prime Video play,unique US accounts,22764,Crosswalk clickstream panel of 10M US consumers
pre_180d_overlap,pre_180d,imdb,IMDb,video,7615,3486,4129,22764,33.4519,33.4519,39.2656,29.7350,,,,overlap. do not add,Where-to-watch research after the June 30 Netflix exit. Higher on new.,180 days before first Gilmore Girls Prime Video play,unique US accounts,22764,Crosswalk clickstream panel of 10M US consumers
pre_180d_overlap,pre_180d,fresh_or_whole_foods_digital,Amazon Fresh or Whole Foods digital,grocery,1173,187,986,22764,5.1529,5.1529,2.1063,7.1007,,,,overlap. do not add,Digital grocery only. In-store Whole Foods is out.,180 days before first Gilmore Girls Prime Video play,unique US accounts,22764,Crosswalk clickstream panel of 10M US consumers
pre_180d_overlap,pre_180d,amazon_pharmacy,Amazon Pharmacy,health,403,89,314,22764,1.7703,1.7703,1.0025,2.2613,,,,overlap. do not add,Small digital health door. Residual on reactivated.,180 days before first Gilmore Girls Prime Video play,unique US accounts,22764,Crosswalk clickstream panel of 10M US consumers
pre_180d_overlap,pre_180d,zappos,Zappos,retail,1571,547,1024,22764,6.9012,6.9012,6.1613,7.3743,,,,overlap. do not add,Amazon-owned footwear. Female-skewed title audience.,180 days before first Gilmore Girls Prime Video play,unique US accounts,22764,Crosswalk clickstream panel of 10M US consumers
pre_180d_overlap,pre_180d,twitch,Twitch,gaming,486,174,312,22764,2.1349,2.1349,1.9599,2.2469,,,,overlap. do not add,Title audience under-indexes. Gaming sit below the store.,180 days before first Gilmore Girls Prime Video play,unique US accounts,22764,Crosswalk clickstream panel of 10M US consumers
pre_180d_overlap,pre_180d,prime_gaming,Prime Gaming,gaming,211,43,168,22764,0.9269,0.9269,0.4843,1.2099,,,,overlap. do not add,Perk is dark without a live membership.,180 days before first Gilmore Girls Prime Video play,unique US accounts,22764,Crosswalk clickstream panel of 10M US consumers
pre_180d_overlap,pre_180d,alexa_app,Alexa app,devices,3354,713,2641,22764,14.7338,14.7338,8.0311,19.0192,,,,overlap. do not add,Hardware stays in the house after Prime lapses.,180 days before first Gilmore Girls Prime Video play,unique US accounts,22764,Crosswalk clickstream panel of 10M US consumers
pre_180d_overlap,pre_180d,ring_or_blink_app,Ring or Blink app,devices,1434,241,1193,22764,6.2994,6.2994,2.7146,8.5914,,,,overlap. do not add,Owned devices keep pinging after the membership dies.,180 days before first Gilmore Girls Prime Video play,unique US accounts,22764,Crosswalk clickstream panel of 10M US consumers
pre_180d_overlap,pre_180d,amazon_photos,Amazon Photos,devices,1708,167,1541,22764,7.5031,7.5031,1.8811,11.0975,,,,overlap. do not add,Unlimited photo storage is a remembered Prime perk on the lapse side.,180 days before first Gilmore Girls Prime Video play,unique US accounts,22764,Crosswalk clickstream panel of 10M US consumers
pre_180d_overlap,pre_180d,prime_pricing_or_account,Prime pricing or account page,account,7476,3629,3847,22764,32.8413,32.8413,40.8763,27.7042,,,,overlap. do not add,They opened the pricing or account page and had not yet converted.,180 days before first Gilmore Girls Prime Video play,unique US accounts,22764,Crosswalk clickstream panel of 10M US consumers
pre_180d_overlap,pre_180d,fire_tv_launcher,Fire TV launcher,devices,4061,1247,2814,22764,17.8396,17.8396,14.0460,20.2650,,,,overlap. do not add,Fire TV home without a Prime Video play. Other apps sat on the device.,180 days before first Gilmore Girls Prime Video play,unique US accounts,22764,Crosswalk clickstream panel of 10M US consumers
pre_180d_overlap,pre_180d,subscribe_and_save,Subscribe and Save,retail,1643,214,1429,22764,7.2175,7.2175,2.4105,10.2909,,,,overlap. do not add,Paused or leftover Subscribe and Save on the lapse side.,180 days before first Gilmore Girls Prime Video play,unique US accounts,22764,Crosswalk clickstream panel of 10M US consumers
pre_180d_overlap,pre_180d,another_prime_video_title,Another Prime Video title,video,0,0,0,22764,0.0000,0.0000,0.0000,0.0000,,,,overlap. do not add,Zero by definition. No Prime Video in the 180 days.,180 days before first Gilmore Girls Prime Video play,unique US accounts,22764,Crosswalk clickstream panel of 10M US consumers
pre_180d_overlap,pre_180d,prime_video_any_title,"Prime Video, any title",video,0,0,0,22764,0.0000,0.0000,0.0000,0.0000,,,,overlap. do not add,Zero by definition. First Prime Video play is Gilmore Girls.,180 days before first Gilmore Girls Prime Video play,unique US accounts,22764,Crosswalk clickstream panel of 10M US consumers
pre_180d_overlap,pre_180d,any_amazon_owned_except_prime_video,Any Amazon-owned digital surface except Prime Video,union,21333,8147,13186,22764,93.7138,93.7138,91.7662,94.9590,,,,overlap. do not add,"Union. Do not add the rows above. 1,431 accounts had no Amazon-owned digital surface in the 180 days.",180 days before first Gilmore Girls Prime Video play,unique US accounts,22764,Crosswalk clickstream panel of 10M US consumers
pre_180d_overlap,pre_180d,any_amazon_owned_checkout,Any Amazon-owned checkout,union,11386,3817,7569,22764,50.0176,50.0176,42.9939,54.5081,,,,overlap. do not add,"Union of retail, Kindle, Audible, Fresh or Whole Foods digital, and Pharmacy.",180 days before first Gilmore Girls Prime Video play,unique US accounts,22764,Crosswalk clickstream panel of 10M US consumers
post_30d_overlap,post_30d,amazon_retail_session,amazon.com or the Amazon app,retail,17033,6847,10186,22764,74.8243,74.8243,77.1232,73.3545,,,,overlap. do not add,30-day incidence against a 180-day pre. New accounts rise. They had a cart waiting for free shipping.,30 days after first Gilmore Girls Prime Video play,unique US accounts,22764,Crosswalk clickstream panel of 10M US consumers
post_30d_overlap,post_30d,amazon_retail_order,amazon.com completed retail order,retail,9827,4186,5641,22764,43.1690,43.1690,47.1503,40.6236,,,,overlap. do not add,Higher 30-day order rate than the open-ended 29.1% on the larger lapsed-or-new viewer file. This cut paid for the membership.,30 days after first Gilmore Girls Prime Video play,unique US accounts,22764,Crosswalk clickstream panel of 10M US consumers
post_30d_overlap,post_30d,amazon_music,Amazon Music,audio,6015,2186,3829,22764,26.4233,26.4233,24.6227,27.5745,,,,overlap. do not add,Bundle unlock. Prime Music is live on day one.,30 days after first Gilmore Girls Prime Video play,unique US accounts,22764,Crosswalk clickstream panel of 10M US consumers
post_30d_overlap,post_30d,audible,Audible,audio,3576,1429,2147,22764,15.7090,15.7090,16.0960,15.4616,,,,overlap. do not add,Trial credits ride with the new or restored membership.,30 days after first Gilmore Girls Prime Video play,unique US accounts,22764,Crosswalk clickstream panel of 10M US consumers
post_30d_overlap,post_30d,kindle_or_books,Kindle or Amazon Books,reading,6054,2413,3641,22764,26.5946,26.5946,27.1795,26.2207,,,,overlap. do not add,First Reads plus Gilmore-adjacent books while the title is on.,30 days after first Gilmore Girls Prime Video play,unique US accounts,22764,Crosswalk clickstream panel of 10M US consumers
post_30d_overlap,post_30d,goodreads,Goodreads,reading,3855,1541,2314,22764,16.9346,16.9346,17.3575,16.6643,,,,overlap. do not add,Reading lists while they binge. Modest lift.,30 days after first Gilmore Girls Prime Video play,unique US accounts,22764,Crosswalk clickstream panel of 10M US consumers
post_30d_overlap,post_30d,imdb,IMDb,video,6464,2847,3617,22764,28.3957,28.3957,32.0680,26.0478,,,,overlap. do not add,"Second-screen cast and recap. Research job was the pre window, so IMDb falls.",30 days after first Gilmore Girls Prime Video play,unique US accounts,22764,Crosswalk clickstream panel of 10M US consumers
post_30d_overlap,post_30d,fresh_or_whole_foods_digital,Amazon Fresh or Whole Foods digital,grocery,2207,721,1486,22764,9.6951,9.6951,8.1212,10.7014,,,,overlap. do not add,Digital grocery only. 30 days is short for a habit. Membership unlocks the door.,30 days after first Gilmore Girls Prime Video play,unique US accounts,22764,Crosswalk clickstream panel of 10M US consumers
post_30d_overlap,post_30d,amazon_pharmacy,Amazon Pharmacy,health,581,193,388,22764,2.5523,2.5523,2.1739,2.7942,,,,overlap. do not add,Small lift with the membership.,30 days after first Gilmore Girls Prime Video play,unique US accounts,22764,Crosswalk clickstream panel of 10M US consumers
post_30d_overlap,post_30d,zappos,Zappos,retail,1815,641,1174,22764,7.9731,7.9731,7.2201,8.4546,,,,overlap. do not add,Prime shipping on Zappos.,30 days after first Gilmore Girls Prime Video play,unique US accounts,22764,Crosswalk clickstream panel of 10M US consumers
post_30d_overlap,post_30d,twitch,Twitch,gaming,491,173,318,22764,2.1569,2.1569,1.9486,2.2901,,,,overlap. do not add,Stays in the long tail. Title audience is not a Twitch audience.,30 days after first Gilmore Girls Prime Video play,unique US accounts,22764,Crosswalk clickstream panel of 10M US consumers
post_30d_overlap,post_30d,prime_gaming,Prime Gaming,gaming,661,247,414,22764,2.9037,2.9037,2.7822,2.9814,,,,overlap. do not add,One-time loot click after the membership restores.,30 days after first Gilmore Girls Prime Video play,unique US accounts,22764,Crosswalk clickstream panel of 10M US consumers
post_30d_overlap,post_30d,alexa_app,Alexa app,devices,3816,987,2829,22764,16.7633,16.7633,11.1174,20.3730,,,,overlap. do not add,They reconnect Alexa to Prime Music.,30 days after first Gilmore Girls Prime Video play,unique US accounts,22764,Crosswalk clickstream panel of 10M US consumers
post_30d_overlap,post_30d,ring_or_blink_app,Ring or Blink app,devices,1528,267,1261,22764,6.7124,6.7124,3.0074,9.0811,,,,overlap. do not add,Cloud trial and app open after the membership restores.,30 days after first Gilmore Girls Prime Video play,unique US accounts,22764,Crosswalk clickstream panel of 10M US consumers
post_30d_overlap,post_30d,amazon_photos,Amazon Photos,devices,3603,1174,2429,22764,15.8276,15.8276,13.2237,17.4924,,,,overlap. do not add,Unlimited photo storage is the perk they remember.,30 days after first Gilmore Girls Prime Video play,unique US accounts,22764,Crosswalk clickstream panel of 10M US consumers
post_30d_overlap,post_30d,prime_pricing_or_account,Prime pricing or account page,account,21888,8647,13241,22764,96.1518,96.1518,97.3981,95.3550,,,,overlap. do not add,Account or billing session around the acquire or reactivate event.,30 days after first Gilmore Girls Prime Video play,unique US accounts,22764,Crosswalk clickstream panel of 10M US consumers
post_30d_overlap,post_30d,fire_tv_launcher,Fire TV launcher,devices,6333,2147,4186,22764,27.8202,27.8202,24.1834,30.1455,,,,overlap. do not add,Fire TV home now has a Prime Video reason.,30 days after first Gilmore Girls Prime Video play,unique US accounts,22764,Crosswalk clickstream panel of 10M US consumers
post_30d_overlap,post_30d,subscribe_and_save,Subscribe and Save,retail,2062,421,1641,22764,9.0582,9.0582,4.7421,11.8177,,,,overlap. do not add,They turn leftover Subscribe and Save back on.,30 days after first Gilmore Girls Prime Video play,unique US accounts,22764,Crosswalk clickstream panel of 10M US consumers
post_30d_overlap,post_30d,another_prime_video_title,Another Prime Video title,video,10031,3618,6413,22764,44.0652,44.0652,40.7524,46.1832,,,,overlap. do not add,Under the 76.6% open-ended read on the larger lapsed-or-new file. This cut is inside a Gilmore Girls binge.,30 days after first Gilmore Girls Prime Video play,unique US accounts,22764,Crosswalk clickstream panel of 10M US consumers
post_30d_overlap,post_30d,prime_video_any_title,"Prime Video, any title",video,22764,8878,13886,22764,100.0000,100.0000,100.0000,100.0000,,,,overlap. do not add,"The qualifying play. 22,764 by definition.",30 days after first Gilmore Girls Prime Video play,unique US accounts,22764,Crosswalk clickstream panel of 10M US consumers
post_30d_overlap,post_30d,any_amazon_owned_except_prime_video,Any Amazon-owned digital surface except Prime Video,union,21661,8413,13248,22764,95.1546,95.1546,94.7623,95.4054,,,,overlap. do not add,Union. Second Amazon-owned surface inside 30 days. Do not add the rows above.,30 days after first Gilmore Girls Prime Video play,unique US accounts,22764,Crosswalk clickstream panel of 10M US consumers
post_30d_overlap,post_30d,any_amazon_owned_checkout,Any Amazon-owned checkout,union,10828,4641,6187,22764,47.5663,47.5663,52.2753,44.5557,,,,overlap. do not add,"Union of a completed retail order, Kindle purchase or borrow, Audible title, Fresh or Whole Foods digital order, or Amazon Pharmacy.",30 days after first Gilmore Girls Prime Video play,unique US accounts,22764,Crosswalk clickstream panel of 10M US consumers
flywheel_compare,pre_180d_vs_post_30d,prime_video_any_title,"Prime Video, any title",video,22764,8878,13886,22764,100.0000,100.0000,100.0000,100.0000,0,0.0000,100.0000,compare. pre columns ride on the same row,Pre 0 (0.0000%). Post 22764 (100.0000%). Lift +100.0000 pp. Windows are 180 days vs 30 days.,180 days before first Gilmore Girls Prime Video play vs 30 days after first Gilmore Girls Prime Video play,unique US accounts,22764,Crosswalk clickstream panel of 10M US consumers
flywheel_compare,pre_180d_vs_post_30d,another_prime_video_title,Another Prime Video title,video,10031,3618,6413,22764,44.0652,44.0652,40.7524,46.1832,0,0.0000,44.0652,compare. pre columns ride on the same row,Pre 0 (0.0000%). Post 10031 (44.0652%). Lift +44.0652 pp. Windows are 180 days vs 30 days.,180 days before first Gilmore Girls Prime Video play vs 30 days after first Gilmore Girls Prime Video play,unique US accounts,22764,Crosswalk clickstream panel of 10M US consumers
flywheel_compare,pre_180d_vs_post_30d,amazon_retail_session,amazon.com or the Amazon app,retail,17033,6847,10186,22764,74.8243,74.8243,77.1232,73.3545,18827,82.7051,-7.8808,compare. pre columns ride on the same row,Pre 18827 (82.7051%). Post 17033 (74.8243%). Lift -7.8808 pp. Windows are 180 days vs 30 days.,180 days before first Gilmore Girls Prime Video play vs 30 days after first Gilmore Girls Prime Video play,unique US accounts,22764,Crosswalk clickstream panel of 10M US consumers
flywheel_compare,pre_180d_vs_post_30d,amazon_retail_order,amazon.com completed retail order,retail,9827,4186,5641,22764,43.1690,43.1690,47.1503,40.6236,11054,48.5591,-5.3901,compare. pre columns ride on the same row,Pre 11054 (48.5591%). Post 9827 (43.1690%). Lift -5.3901 pp. Windows are 180 days vs 30 days.,180 days before first Gilmore Girls Prime Video play vs 30 days after first Gilmore Girls Prime Video play,unique US accounts,22764,Crosswalk clickstream panel of 10M US consumers
flywheel_compare,pre_180d_vs_post_30d,amazon_music,Amazon Music,audio,6015,2186,3829,22764,26.4233,26.4233,24.6227,27.5745,3101,13.6224,12.8009,compare. pre columns ride on the same row,Pre 3101 (13.6224%). Post 6015 (26.4233%). Lift +12.8009 pp. Windows are 180 days vs 30 days.,180 days before first Gilmore Girls Prime Video play vs 30 days after first Gilmore Girls Prime Video play,unique US accounts,22764,Crosswalk clickstream panel of 10M US consumers
flywheel_compare,pre_180d_vs_post_30d,audible,Audible,audio,3576,1429,2147,22764,15.7090,15.7090,16.0960,15.4616,1661,7.2966,8.4124,compare. pre columns ride on the same row,Pre 1661 (7.2966%). Post 3576 (15.7090%). Lift +8.4124 pp. Windows are 180 days vs 30 days.,180 days before first Gilmore Girls Prime Video play vs 30 days after first Gilmore Girls Prime Video play,unique US accounts,22764,Crosswalk clickstream panel of 10M US consumers
flywheel_compare,pre_180d_vs_post_30d,kindle_or_books,Kindle or Amazon Books,reading,6054,2413,3641,22764,26.5946,26.5946,27.1795,26.2207,4427,19.4474,7.1472,compare. pre columns ride on the same row,Pre 4427 (19.4474%). Post 6054 (26.5946%). Lift +7.1472 pp. Windows are 180 days vs 30 days.,180 days before first Gilmore Girls Prime Video play vs 30 days after first Gilmore Girls Prime Video play,unique US accounts,22764,Crosswalk clickstream panel of 10M US consumers
flywheel_compare,pre_180d_vs_post_30d,goodreads,Goodreads,reading,3855,1541,2314,22764,16.9346,16.9346,17.3575,16.6643,3599,15.8101,1.1245,compare. pre columns ride on the same row,Pre 3599 (15.8101%). Post 3855 (16.9346%). Lift +1.1245 pp. Windows are 180 days vs 30 days.,180 days before first Gilmore Girls Prime Video play vs 30 days after first Gilmore Girls Prime Video play,unique US accounts,22764,Crosswalk clickstream panel of 10M US consumers
flywheel_compare,pre_180d_vs_post_30d,imdb,IMDb,video,6464,2847,3617,22764,28.3957,28.3957,32.0680,26.0478,7615,33.4519,-5.0562,compare. pre columns ride on the same row,Pre 7615 (33.4519%). Post 6464 (28.3957%). Lift -5.0562 pp. Windows are 180 days vs 30 days.,180 days before first Gilmore Girls Prime Video play vs 30 days after first Gilmore Girls Prime Video play,unique US accounts,22764,Crosswalk clickstream panel of 10M US consumers
flywheel_compare,pre_180d_vs_post_30d,fresh_or_whole_foods_digital,Amazon Fresh or Whole Foods digital,grocery,2207,721,1486,22764,9.6951,9.6951,8.1212,10.7014,1173,5.1529,4.5422,compare. pre columns ride on the same row,Pre 1173 (5.1529%). Post 2207 (9.6951%). Lift +4.5422 pp. Windows are 180 days vs 30 days.,180 days before first Gilmore Girls Prime Video play vs 30 days after first Gilmore Girls Prime Video play,unique US accounts,22764,Crosswalk clickstream panel of 10M US consumers
flywheel_compare,pre_180d_vs_post_30d,amazon_pharmacy,Amazon Pharmacy,health,581,193,388,22764,2.5523,2.5523,2.1739,2.7942,403,1.7703,0.7820,compare. pre columns ride on the same row,Pre 403 (1.7703%). Post 581 (2.5523%). Lift +0.7820 pp. Windows are 180 days vs 30 days.,180 days before first Gilmore Girls Prime Video play vs 30 days after first Gilmore Girls Prime Video play,unique US accounts,22764,Crosswalk clickstream panel of 10M US consumers
flywheel_compare,pre_180d_vs_post_30d,zappos,Zappos,retail,1815,641,1174,22764,7.9731,7.9731,7.2201,8.4546,1571,6.9012,1.0719,compare. pre columns ride on the same row,Pre 1571 (6.9012%). Post 1815 (7.9731%). Lift +1.0719 pp. Windows are 180 days vs 30 days.,180 days before first Gilmore Girls Prime Video play vs 30 days after first Gilmore Girls Prime Video play,unique US accounts,22764,Crosswalk clickstream panel of 10M US consumers
flywheel_compare,pre_180d_vs_post_30d,amazon_photos,Amazon Photos,devices,3603,1174,2429,22764,15.8276,15.8276,13.2237,17.4924,1708,7.5031,8.3245,compare. pre columns ride on the same row,Pre 1708 (7.5031%). Post 3603 (15.8276%). Lift +8.3245 pp. Windows are 180 days vs 30 days.,180 days before first Gilmore Girls Prime Video play vs 30 days after first Gilmore Girls Prime Video play,unique US accounts,22764,Crosswalk clickstream panel of 10M US consumers
flywheel_compare,pre_180d_vs_post_30d,alexa_app,Alexa app,devices,3816,987,2829,22764,16.7633,16.7633,11.1174,20.3730,3354,14.7338,2.0295,compare. pre columns ride on the same row,Pre 3354 (14.7338%). Post 3816 (16.7633%). Lift +2.0295 pp. Windows are 180 days vs 30 days.,180 days before first Gilmore Girls Prime Video play vs 30 days after first Gilmore Girls Prime Video play,unique US accounts,22764,Crosswalk clickstream panel of 10M US consumers
flywheel_compare,pre_180d_vs_post_30d,ring_or_blink_app,Ring or Blink app,devices,1528,267,1261,22764,6.7124,6.7124,3.0074,9.0811,1434,6.2994,0.4130,compare. pre columns ride on the same row,Pre 1434 (6.2994%). Post 1528 (6.7124%). Lift +0.4130 pp. Windows are 180 days vs 30 days.,180 days before first Gilmore Girls Prime Video play vs 30 days after first Gilmore Girls Prime Video play,unique US accounts,22764,Crosswalk clickstream panel of 10M US consumers
flywheel_compare,pre_180d_vs_post_30d,fire_tv_launcher,Fire TV launcher,devices,6333,2147,4186,22764,27.8202,27.8202,24.1834,30.1455,4061,17.8396,9.9806,compare. pre columns ride on the same row,Pre 4061 (17.8396%). Post 6333 (27.8202%). Lift +9.9806 pp. Windows are 180 days vs 30 days.,180 days before first Gilmore Girls Prime Video play vs 30 days after first Gilmore Girls Prime Video play,unique US accounts,22764,Crosswalk clickstream panel of 10M US consumers
flywheel_compare,pre_180d_vs_post_30d,subscribe_and_save,Subscribe and Save,retail,2062,421,1641,22764,9.0582,9.0582,4.7421,11.8177,1643,7.2175,1.8407,compare. pre columns ride on the same row,Pre 1643 (7.2175%). Post 2062 (9.0582%). Lift +1.8407 pp. Windows are 180 days vs 30 days.,180 days before first Gilmore Girls Prime Video play vs 30 days after first Gilmore Girls Prime Video play,unique US accounts,22764,Crosswalk clickstream panel of 10M US consumers
flywheel_compare,pre_180d_vs_post_30d,prime_pricing_or_account,Prime pricing or account page,account,21888,8647,13241,22764,96.1518,96.1518,97.3981,95.3550,7476,32.8413,63.3105,compare. pre columns ride on the same row,Pre 7476 (32.8413%). Post 21888 (96.1518%). Lift +63.3105 pp. Windows are 180 days vs 30 days.,180 days before first Gilmore Girls Prime Video play vs 30 days after first Gilmore Girls Prime Video play,unique US accounts,22764,Crosswalk clickstream panel of 10M US consumers
flywheel_compare,pre_180d_vs_post_30d,twitch,Twitch,gaming,491,173,318,22764,2.1569,2.1569,1.9486,2.2901,486,2.1349,0.0220,compare. pre columns ride on the same row,Pre 486 (2.1349%). Post 491 (2.1569%). Lift +0.0220 pp. Windows are 180 days vs 30 days.,180 days before first Gilmore Girls Prime Video play vs 30 days after first Gilmore Girls Prime Video play,unique US accounts,22764,Crosswalk clickstream panel of 10M US consumers
flywheel_compare,pre_180d_vs_post_30d,prime_gaming,Prime Gaming,gaming,661,247,414,22764,2.9037,2.9037,2.7822,2.9814,211,0.9269,1.9768,compare. pre columns ride on the same row,Pre 211 (0.9269%). Post 661 (2.9037%). Lift +1.9768 pp. Windows are 180 days vs 30 days.,180 days before first Gilmore Girls Prime Video play vs 30 days after first Gilmore Girls Prime Video play,unique US accounts,22764,Crosswalk clickstream panel of 10M US consumers
flywheel_compare,pre_180d_vs_post_30d,any_amazon_owned_except_prime_video,Any Amazon-owned digital surface except Prime Video,union,21661,8413,13248,22764,95.1546,95.1546,94.7623,95.4054,21333,93.7138,1.4408,compare. pre columns ride on the same row,Pre 21333 (93.7138%). Post 21661 (95.1546%). Lift +1.4408 pp. Windows are 180 days vs 30 days.,180 days before first Gilmore Girls Prime Video play vs 30 days after first Gilmore Girls Prime Video play,unique US accounts,22764,Crosswalk clickstream panel of 10M US consumers
flywheel_compare,pre_180d_vs_post_30d,any_amazon_owned_checkout,Any Amazon-owned checkout,union,10828,4641,6187,22764,47.5663,47.5663,52.2753,44.5557,11386,50.0176,-2.4513,compare. pre columns ride on the same row,Pre 11386 (50.0176%). Post 10828 (47.5663%). Lift -2.4513 pp. Windows are 180 days vs 30 days.,180 days before first Gilmore Girls Prime Video play vs 30 days after first Gilmore Girls Prime Video play,unique US accounts,22764,Crosswalk clickstream panel of 10M US consumers
first_touch,event,google_where_to_watch_then_prime,"Google, where to watch, then Prime",path,7186,4187,2999,22764,31.5674,31.5674,47.1615,21.5973,,,,partitions cohort,Netflix left June 30. They typed the title and landed on Prime.,2026-07-01 to 2026-09-17,unique US accounts,22764,Crosswalk clickstream panel of 10M US consumers
first_touch,event,amazon_retail_then_prime,"amazon.com, then Prime",path,5641,2429,3212,22764,24.7804,24.7804,27.3598,23.1312,,,,partitions cohort,They were already in the store. The title sat on the rail after they paid.,2026-07-01 to 2026-09-17,unique US accounts,22764,Crosswalk clickstream panel of 10M US consumers
first_touch,event,prime_account_winback_or_search,Prime account win-back or Prime Video search,path,4129,187,3942,22764,18.1383,18.1383,2.1063,28.3883,,,,partitions cohort,Almost all reactivated. The account page or a Prime Video search brought them back.,2026-07-01 to 2026-09-17,unique US accounts,22764,Crosswalk clickstream panel of 10M US consumers
first_touch,event,social_then_prime,"Social, then Prime",path,3247,1486,1761,22764,14.2637,14.2637,16.7380,12.6818,,,,partitions cohort,Fall ritual and the leaving posts. Then a Prime signup or restore.,2026-07-01 to 2026-09-17,unique US accounts,22764,Crosswalk clickstream panel of 10M US consumers
first_touch,event,hulu_then_prime,"Hulu, then Prime",path,1397,493,904,22764,6.1369,6.1369,5.5531,6.5102,,,,partitions cohort,Hulu still has the original. They compared and paid for the Amazon bundle anyway.,2026-07-01 to 2026-09-17,unique US accounts,22764,Crosswalk clickstream panel of 10M US consumers
first_touch,event,other,Other,path,1164,96,1068,22764,5.1133,5.1133,1.0813,7.6912,,,,partitions cohort,"Email, Fire TV rail, or an Amazon app notification.",2026-07-01 to 2026-09-17,unique US accounts,22764,Crosswalk clickstream panel of 10M US consumers
first_next,post_30d,amazon.com_or_the_amazon_app,amazon.com or the Amazon app,path,8147,3486,4661,21661,37.6114,35.7890,39.2656,33.5662,,,,partitions second,"First Amazon-owned surface after the Gilmore Girls play, inside 30 days.",30 days after first Gilmore Girls Prime Video play,unique US accounts,22764,Crosswalk clickstream panel of 10M US consumers
first_next,post_30d,another_prime_video_title,Another Prime Video title,path,6413,2147,4266,21661,29.6062,28.1717,24.1834,30.7216,,,,partitions second,"First Amazon-owned surface after the Gilmore Girls play, inside 30 days.",30 days after first Gilmore Girls Prime Video play,unique US accounts,22764,Crosswalk clickstream panel of 10M US consumers
first_next,post_30d,kindle_or_amazon_books,Kindle or Amazon Books,path,2186,987,1199,21661,10.0919,9.6029,11.1174,8.6346,,,,partitions second,"First Amazon-owned surface after the Gilmore Girls play, inside 30 days.",30 days after first Gilmore Girls Prime Video play,unique US accounts,22764,Crosswalk clickstream panel of 10M US consumers
first_next,post_30d,amazon_music,Amazon Music,path,1847,713,1134,21661,8.5268,8.1137,8.0311,8.1665,,,,partitions second,"First Amazon-owned surface after the Gilmore Girls play, inside 30 days.",30 days after first Gilmore Girls Prime Video play,unique US accounts,22764,Crosswalk clickstream panel of 10M US consumers
first_next,post_30d,audible,Audible,path,987,413,574,21661,4.5566,4.3358,4.6519,4.1337,,,,partitions second,"First Amazon-owned surface after the Gilmore Girls play, inside 30 days.",30 days after first Gilmore Girls Prime Video play,unique US accounts,22764,Crosswalk clickstream panel of 10M US consumers
first_next,post_30d,fresh_or_whole_foods_digital,Fresh or Whole Foods digital,path,641,247,394,21661,2.9592,2.8158,2.7822,2.8374,,,,partitions second,"First Amazon-owned surface after the Gilmore Girls play, inside 30 days.",30 days after first Gilmore Girls Prime Video play,unique US accounts,22764,Crosswalk clickstream panel of 10M US consumers
first_next,post_30d,alexa_app,Alexa app,path,541,174,367,21661,2.4976,2.3766,1.9599,2.6429,,,,partitions second,"First Amazon-owned surface after the Gilmore Girls play, inside 30 days.",30 days after first Gilmore Girls Prime Video play,unique US accounts,22764,Crosswalk clickstream panel of 10M US consumers
first_next,post_30d,amazon_photos,Amazon Photos,path,413,89,324,21661,1.9067,1.8143,1.0025,2.3333,,,,partitions second,"First Amazon-owned surface after the Gilmore Girls play, inside 30 days.",30 days after first Gilmore Girls Prime Video play,unique US accounts,22764,Crosswalk clickstream panel of 10M US consumers
first_next,post_30d,other_amazon-owned,Other Amazon-owned,path,486,157,329,21661,2.2437,2.1349,1.7684,2.3693,,,,partitions second,"First Amazon-owned surface after the Gilmore Girls play, inside 30 days.",30 days after first Gilmore Girls Prime Video play,unique US accounts,22764,Crosswalk clickstream panel of 10M US consumers
time_to_second,post_30d,same_session,Same session,path,7193,3247,3946,21661,33.2071,31.5981,36.5736,28.4171,,,,partitions second,Days from first Gilmore Girls play to the first other Amazon-owned surface.,30 days after first Gilmore Girls Prime Video play,unique US accounts,22764,Crosswalk clickstream panel of 10M US consumers
time_to_second,post_30d,later_that_day,Later that day,path,4129,1541,2588,21661,19.0619,18.1383,17.3575,18.6375,,,,partitions second,Days from first Gilmore Girls play to the first other Amazon-owned surface.,30 days after first Gilmore Girls Prime Video play,unique US accounts,22764,Crosswalk clickstream panel of 10M US consumers
time_to_second,post_30d,2_to_7_days,2 to 7 days,path,6413,2186,4227,21661,29.6062,28.1717,24.6227,30.4407,,,,partitions second,Days from first Gilmore Girls play to the first other Amazon-owned surface.,30 days after first Gilmore Girls Prime Video play,unique US accounts,22764,Crosswalk clickstream panel of 10M US consumers
time_to_second,post_30d,8_to_30_days,8 to 30 days,path,3926,1439,2487,21661,18.1247,17.2465,16.2086,17.9101,,,,partitions second,Days from first Gilmore Girls play to the first other Amazon-owned surface.,30 days after first Gilmore Girls Prime Video play,unique US accounts,22764,Crosswalk clickstream panel of 10M US consumers
gg_depth,title_window,1_to_3_episodes,1 to 3 episodes,video,1937,1029,908,22764,8.5090,8.5090,11.5904,6.5390,,,,partitions cohort,"8 to 21 plus 22 or more is the 18,643 who completed a qualifying watch.",2026-07-01 to 2026-09-17,unique US accounts,22764,Crosswalk clickstream panel of 10M US consumers
gg_depth,title_window,4_to_7_episodes,4 to 7 episodes,video,2184,1179,1005,22764,9.5941,9.5941,13.2800,7.2375,,,,partitions cohort,"8 to 21 plus 22 or more is the 18,643 who completed a qualifying watch.",2026-07-01 to 2026-09-17,unique US accounts,22764,Crosswalk clickstream panel of 10M US consumers
gg_depth,title_window,8_to_21_episodes,8 to 21 episodes,video,4357,1853,2504,22764,19.1399,19.1399,20.8718,18.0326,,,,partitions cohort,"8 to 21 plus 22 or more is the 18,643 who completed a qualifying watch.",2026-07-01 to 2026-09-17,unique US accounts,22764,Crosswalk clickstream panel of 10M US consumers
gg_depth,title_window,22_or_more,22 or more,video,14286,4817,9469,22764,62.7570,62.7570,54.2577,68.1910,,,,partitions cohort,"8 to 21 plus 22 or more is the 18,643 who completed a qualifying watch.",2026-07-01 to 2026-09-17,unique US accounts,22764,Crosswalk clickstream panel of 10M US consumers
when_first_play,title_window,july_1_to_14,July 1 to 14,video,10847,4186,6661,22764,47.6498,47.6498,47.1503,47.9692,,,,partitions cohort,Person-relative first Gilmore Girls Prime Video play.,2026-07-01 to 2026-09-17,unique US accounts,22764,Crosswalk clickstream panel of 10M US consumers
when_first_play,title_window,july_15_to_31,July 15 to 31,video,4213,1638,2575,22764,18.5073,18.5073,18.4501,18.5439,,,,partitions cohort,Person-relative first Gilmore Girls Prime Video play.,2026-07-01 to 2026-09-17,unique US accounts,22764,Crosswalk clickstream panel of 10M US consumers
when_first_play,title_window,august_1_to_31,August 1 to 31,video,4147,1541,2606,22764,18.2174,18.2174,17.3575,18.7671,,,,partitions cohort,Person-relative first Gilmore Girls Prime Video play.,2026-07-01 to 2026-09-17,unique US accounts,22764,Crosswalk clickstream panel of 10M US consumers
when_first_play,title_window,september_1_to_17,September 1 to 17,video,3557,1513,2044,22764,15.6255,15.6255,17.0421,14.7199,,,,partitions cohort,Person-relative first Gilmore Girls Prime Video play.,2026-07-01 to 2026-09-17,unique US accounts,22764,Crosswalk clickstream panel of 10M US consumers
checkout_what,post_30d,amazon_retail_order,Amazon retail order,union,9827,4186,5641,10828,90.7554,43.1690,47.1503,40.6236,,,,overlap. do not add,"Of the 10,828 who completed an Amazon-owned checkout in 30 days.",30 days after first Gilmore Girls Prime Video play,unique US accounts,22764,Crosswalk clickstream panel of 10M US consumers
checkout_what,post_30d,kindle_purchase_or_borrow,Kindle purchase or borrow,union,2234,987,1247,10828,20.6317,9.8137,11.1174,8.9803,,,,overlap. do not add,"Of the 10,828 who completed an Amazon-owned checkout in 30 days.",30 days after first Gilmore Girls Prime Video play,unique US accounts,22764,Crosswalk clickstream panel of 10M US consumers
checkout_what,post_30d,audible_title,Audible title,union,1354,641,713,10828,12.5046,5.9480,7.2201,5.1347,,,,overlap. do not add,"Of the 10,828 who completed an Amazon-owned checkout in 30 days.",30 days after first Gilmore Girls Prime Video play,unique US accounts,22764,Crosswalk clickstream panel of 10M US consumers
checkout_what,post_30d,fresh_or_whole_foods_digital_order,Fresh or Whole Foods digital order,union,1102,413,689,10828,10.1773,4.8410,4.6519,4.9618,,,,overlap. do not add,"Of the 10,828 who completed an Amazon-owned checkout in 30 days.",30 days after first Gilmore Girls Prime Video play,unique US accounts,22764,Crosswalk clickstream panel of 10M US consumers
checkout_what,post_30d,amazon_pharmacy,Amazon Pharmacy,union,256,89,167,10828,2.3642,1.1246,1.0025,1.2027,,,,overlap. do not add,"Of the 10,828 who completed an Amazon-owned checkout in 30 days.",30 days after first Gilmore Girls Prime Video play,unique US accounts,22764,Crosswalk clickstream panel of 10M US consumers
checkout_path,post_30d,gilmore_girls_then_amazon.com_that_week,"Gilmore Girls, then amazon.com that week",path,5186,2413,2773,10828,47.8943,22.7816,27.1795,19.9698,,,,partitions checkout,How the checkout sat next to the Gilmore Girls play.,30 days after first Gilmore Girls Prime Video play,unique US accounts,22764,Crosswalk clickstream panel of 10M US consumers
checkout_path,post_30d,gilmore_girls_then_another_title_then_,"Gilmore Girls, then another title, then amazon.com",path,2413,987,1426,10828,22.2848,10.6001,11.1174,10.2693,,,,partitions checkout,How the checkout sat next to the Gilmore Girls play.,30 days after first Gilmore Girls Prime Video play,unique US accounts,22764,Crosswalk clickstream panel of 10M US consumers
checkout_path,post_30d,gilmore_girls_then_a_book_or_audiobook,"Gilmore Girls, then a book or audiobook",path,1847,713,1134,10828,17.0576,8.1137,8.0311,8.1665,,,,partitions checkout,How the checkout sat next to the Gilmore Girls play.,30 days after first Gilmore Girls Prime Video play,unique US accounts,22764,Crosswalk clickstream panel of 10M US consumers
checkout_path,post_30d,gilmore_girls_then_a_grocery_digital_or,"Gilmore Girls, then a grocery digital order",path,987,409,578,10828,9.1153,4.3358,4.6069,4.1625,,,,partitions checkout,How the checkout sat next to the Gilmore Girls play.,30 days after first Gilmore Girls Prime Video play,unique US accounts,22764,Crosswalk clickstream panel of 10M US consumers
checkout_path,post_30d,more_than_one_of_those_checkouts,More than one of those checkouts,path,395,119,276,10828,3.6479,1.7352,1.3404,1.9876,,,,partitions checkout,How the checkout sat next to the Gilmore Girls play.,30 days after first Gilmore Girls Prime Video play,unique US accounts,22764,Crosswalk clickstream panel of 10M US consumers
last_touch,post_30d,amazon.com_product_page,amazon.com product page,path,5641,2429,3212,10828,52.0964,24.7804,27.3598,23.1312,,,,partitions checkout,Last Amazon-owned surface before the checkout.,30 days after first Gilmore Girls Prime Video play,unique US accounts,22764,Crosswalk clickstream panel of 10M US consumers
last_touch,post_30d,kindle,Kindle,path,1861,713,1148,10828,17.1869,8.1752,8.0311,8.2673,,,,partitions checkout,Last Amazon-owned surface before the checkout.,30 days after first Gilmore Girls Prime Video play,unique US accounts,22764,Crosswalk clickstream panel of 10M US consumers
last_touch,post_30d,another_prime_video_title,Another Prime Video title,path,1397,491,906,10828,12.9017,6.1369,5.5305,6.5246,,,,partitions checkout,Last Amazon-owned surface before the checkout.,30 days after first Gilmore Girls Prime Video play,unique US accounts,22764,Crosswalk clickstream panel of 10M US consumers
last_touch,post_30d,audible,Audible,path,713,241,472,10828,6.5848,3.1321,2.7146,3.3991,,,,partitions checkout,Last Amazon-owned surface before the checkout.,30 days after first Gilmore Girls Prime Video play,unique US accounts,22764,Crosswalk clickstream panel of 10M US consumers
last_touch,post_30d,fresh_or_whole_foods_digital,Fresh or Whole Foods digital,path,541,174,367,10828,4.9963,2.3766,1.9599,2.6429,,,,partitions checkout,Last Amazon-owned surface before the checkout.,30 days after first Gilmore Girls Prime Video play,unique US accounts,22764,Crosswalk clickstream panel of 10M US consumers
last_touch,post_30d,other_amazon-owned,Other Amazon-owned,path,675,593,82,10828,6.2338,2.9652,6.6794,0.5905,,,,partitions checkout,Last Amazon-owned surface before the checkout.,30 days after first Gilmore Girls Prime Video play,unique US accounts,22764,Crosswalk clickstream panel of 10M US consumers
assist,post_30d,a_coffee_or_fall_search,A coffee or fall search,path,4186,1847,2339,10828,38.6590,18.3887,20.8042,16.8443,,,,overlap. do not add,Digital assist on the same ID. Not a last click.,30 days after first Gilmore Girls Prime Video play,unique US accounts,22764,Crosswalk clickstream panel of 10M US consumers
assist,post_30d,a_gilmore-adjacent_book,A Gilmore-adjacent book,path,2147,991,1156,10828,19.8282,9.4316,11.1624,8.3249,,,,overlap. do not add,Digital assist on the same ID. Not a last click.,30 days after first Gilmore Girls Prime Video play,unique US accounts,22764,Crosswalk clickstream panel of 10M US consumers
assist,post_30d,stars_hollow_or_luke's_merch,Stars Hollow or Luke's merch,path,1186,413,773,10828,10.9531,5.2100,4.6519,5.5668,,,,overlap. do not add,Digital assist on the same ID. Not a last click.,30 days after first Gilmore Girls Prime Video play,unique US accounts,22764,Crosswalk clickstream panel of 10M US consumers
assist,post_30d,a_year_in_the_life_on_netflix,A Year in the Life on Netflix,path,641,247,394,10828,5.9198,2.8158,2.7822,2.8374,,,,overlap. do not add,Digital assist on the same ID. Not a last click.,30 days after first Gilmore Girls Prime Video play,unique US accounts,22764,Crosswalk clickstream panel of 10M US consumers
leak,post_30d,hulu_more_original,More Gilmore Girls on Hulu after the Prime Video start,leak,1381,629,752,22764,6.0666,6.0666,7.0849,5.4155,,,,overlap. not in nest,They just paid for Prime. The Hulu leak is thinner than the 15.6% on the larger lapsed-or-new file.,30 days after first Gilmore Girls Prime Video play,unique US accounts,22764,Crosswalk clickstream panel of 10M US consumers
leak,post_30d,netflix_year_in_the_life,A Year in the Life on Netflix after the Prime Video start,leak,2413,1029,1384,22764,10.6001,10.6001,11.5904,9.9669,,,,overlap. not in nest,The revival stays on Netflix. The original is what they paid Prime to get.,30 days after first Gilmore Girls Prime Video play,unique US accounts,22764,Crosswalk clickstream panel of 10M US consumers
